var;risk_iso1;risk_iso2;risk_iso3
female_6569;0.131444597790767;0;0
female_7074;0.133822182040245;0;0
female_7579;0.191001222563265;0;0
female_80p;0.334418379578372;0;0
male_6569;0.0553503486588254;0;0
male_7074;0.108253627086254;0;0
male_7579;0.0928811490807128;0;0
male_80p;0.272034887731289;0;0
